163.02,2402.6
3560.8,2402.6
1861.9,-539.9
1245.8,787.16
2484.6,783.55
2458.9,2060
1239.2,2056.4
2069.4,1566.8
2073.8,1564.2
2079.3,1561.3
2083.7,1561.4
2093.7,1562.2
2098.3,1567.8
2101.2,1572.9
2094.7,1580.4
2089.2,1581
2084.1,1579.2
2083.7,1584.5
2080.5,1589.4
2083.3,1593.6
2074.6,1599.3
2073,1605.1
2068.1,1607.7
2063.4,1598.5
2067.8,1593.9
2070.4,1587.7
2067.1,1586.1
2068.1,1582.3
2074.1,1577.3
2072.4,1575.4
2104.9,1366.5
2106.3,1355.4
2104,1350.4
2110,1346.2
2113.3,1347.7
2116,1343.4
2120.3,1335.9
2123.7,1338.3
2118.8,1344.6
2117.3,1351.4
2114.1,1356.5
2121.3,1358.9
2120.9,1362.7
2117,1364.3
2115.5,1370.7
2106.6,1369
1890.6,1212.4
1891.6,1208.4
1897.1,1206.1
1900.4,1206.1
1904.8,1204.3
1908.2,1205.3
1911,1208.6
1909.5,1212.9
1911.2,1215.4
1913.4,1214.5
1919,1217.1
1918,1222
1917.8,1237.9
1916.8,1241.7
1906.7,1239
1903.3,1236.3
1900.6,1240.2
1900.7,1245.7
1898.6,1247.2
1895.8,1246.6
1892.8,1238.7
1895,1235.6
1897.7,1233.5
1897.6,1229
1899.2,1224.1
1901.8,1220.2
1903.5,1217.9
1901.2,1216.2
1891.8,1218.8
1578.9,1192.7
1592.7,1192.6
1592.5,1205.8
1578.6,1206.5
1578.3,1193
1818.9,1505.3
1811.4,1466.3
1802.7,1427.5
1845.9,1447.7
1854,1460.9
1850.6,1459.9
1845.1,1462.3
1840.2,1467.9
1839.2,1471.3
1840.9,1474.5
1846.6,1479.2
1851.1,1481.7
1857.3,1483.4
1870.2,1491.8
1856.9,1491.9
1855.8,1492.6
1855.3,1497.7
1876.5,1500.8
1881.2,1510.7
1851.6,1505.2
2089.3,1218.6
2086,1217.6
2082.7,1218.3
2082.8,1221.5
2081.1,1221.9
2081.7,1226.2
2076.2,1228.2
2071.7,1222.1
2068.3,1221.2
2067.1,1217.8
2065.9,1214.2
2059.8,1212.7
2054.8,1211.5
2050.9,1210.3
2049.7,1209.5
2046.9,1208.5
2043,1208
2038.1,1209.3
2029.3,1215
2012.7,1216.1
2008.8,1213.2
1988.9,1220.2
1987,1232.7
1988.2,1234.4
1993.2,1235.1
1996.6,1238.2
1989.5,1242.2
1991.7,1244.9
1999.8,1258.5
1991.2,1268.6
1986.2,1271.1
1979.7,1277.6
1967.2,1261.8
1970.8,1249.8
1971.1,1239.9
1974.7,1230.5
1982.4,1223.5
1975.4,1212
1971.6,1212.5
1969.5,1217.7
1962.3,1220.8
1960.9,1232.3
1963.8,1238.3
1961.2,1245
1951.7,1242.4
1951.3,1248.6
1952.5,1252.6
1953.7,1255.9
1954.3,1259.7
1948.8,1261.1
1947.1,1258.4
1948.7,1257.7
1950.3,1254.5
1949.2,1252.2
1947.4,1249.7
1945.7,1247.2
1943.5,1245.4
1943.4,1244.3
1948.4,1241.9
1946.1,1237.9
1944.3,1234.5
1941.5,1233.7
1937.4,1223.5
1940.1,1221.3
1944.5,1217.4
1942.7,1212.5
1939.8,1207.7
1937.6,1206.5
1938,1198.7
2040,1196.4
2046.3,1203.7
2050.2,1205.9
2055.8,1206.8
2059.7,1209.9
2068.1,1212.3
2072,1214.5
2075.9,1212.7
2075.3,1209.1
2073,1208.6
2070.8,1208.4
2071.3,1205.8
2073.5,1204.7
2077.4,1204.7
2079.6,1205.9
2082.4,1205.2
2085.2,1206.2
2088,1206.7
2086.9,1209.9
2091.5,1215.6
2064,1496.8
2088,1481.9
2099.3,1467.2
2099,1451.3
2098.3,1443.7
2098,1432.5
2104.3,1440.4
2111.4,1435
2113.6,1437
2117.1,1440.8
2119.2,1438.8
2119.1,1434.2
2118.5,1427.8
2123.3,1424.1
2130,1423.1
2133.9,1424.3
2136.7,1428.5
2140.6,1427.7
2141.6,1419.7
2149.3,1417.6
2149.9,1422.7
2153.3,1423.2
2157,1415.7
2160.4,1416.7
2161.1,1425
2159.5,1426.3
2157.9,1430.7
2170.3,1438.3
2158.3,1447.5
2162.2,1449.7
2161.2,1452.7
2149.6,1456.1
2146.2,1453.9
2141.3,1457.2
2135.5,1472.1
2137.2,1474
2137.8,1475
2134.5,1477
2130.6,1475.4
2122,1488.3
2118.7,1488.4
2117,1487.4
2115.4,1489.1
2114.9,1491.6
2109.9,1493
2109.4,1494.9
2110,1498.1
2104,1499.5
2102.9,1502.7
2095.3,1509
2088.6,1508.3
2082.7,1518.4
2078.3,1517.5
2073.3,1518.2
2064.3,1513.5
2063.1,1509.8
2061.9,1504.7
2059.9,1538.4
2107.5,1507.3
2110.8,1509.3
2117.4,1502.8
2121.8,1502.3
2121.1,1498.3
2130.5,1496
2181,1519
2124.2,1611.5
1581.5,1532.8
1628.9,1519.3
1635.7,1527.2
1649.6,1528.1
1651,1537
1656.1,1542.6
1670.5,1567
1639.3,1563.1
1625.5,1563.6
1617.3,1568.7
1615.6,1568.3
1575,1616.8
1553.1,1654
1555.2,1671.3
1532.5,1672.4
1542.4,1643.6
1549.7,1624.4
1557.4,1620.8
1558.3,1611.7
1559.2,1604.1
1566.5,1605.4
1569.7,1599
1575.7,1596.3
1571.5,1580.9
1575.1,1567.9
1577.7,1562.1
1580.4,1555.9
1582.5,1554.6
1583,1551.4
1582.4,1549.7
1581.8,1548.3
1581.8,1545.9
1587.8,1541.4
1586.1,1538.9
1584.4,1538.3
2151.9,1189.8
2159.1,1189.3
2160.8,1188
2164.1,1185.8
2167.4,1187.8
2168.2,1200.1
2167.2,1202.8
2161.7,1205.1
2156.2,1207.1
2152.8,1205.3
2149.5,1202.6
2147.2,1199.5
2146.5,1196.1
2148.1,1193.1
2150.3,1191.4
1765.1,1380.5
1790.5,1373.1
1824.8,1347.6
1825.6,1359.4
1825.1,1361.7
1825.8,1364.7
1822.5,1369.2
1819.8,1373.1
1815,1378.7
1816.7,1384.8
1817.8,1384.8
1817.2,1378.9
1821.5,1374.3
1825.3,1369.8
1826.9,1367.2
1831.4,1368.6
1836,1375.1
1837.7,1376.5
1843.2,1375.5
1855.1,1387.1
1856.8,1392
1854.1,1392.9
1853,1390.8
1851.9,1392.9
1849.6,1392.3
1844.6,1389.1
1844.1,1393.5
1841.9,1393.6
1842.4,1390.4
1840.7,1388.1
1838.5,1387.7
1836.3,1391.1
1835.2,1391.2
1834.1,1390.1
1833,1389.9
1826.4,1393.3
1823,1392.3
1820.8,1393.6
1815.8,1391
1811.9,1391.7
1808.6,1390.7
1804.7,1390.2
1803,1390.8
1801,1397.7
1797.1,1397.7
1791.5,1397.9
1772.3,1405.7
1768.3,1400.3
1622,1509.7
1579.2,1530.5
1575.3,1530.6
1576,1535.7
1570.5,1535.8
1569.4,1538.6
1568.3,1539.3
1568.4,1542
1570.6,1543
1572.3,1543.2
1574.1,1549.7
1576.4,1552.4
1577.6,1555.4
1567,1556.7
1552.6,1555.3
1558.6,1551.3
1556.7,1541.4
1559.9,1535.8
1561.5,1530.3
1569.7,1526.9
1579,1521.2
1591.8,1522
1597.8,1517.2
1828,1219.6
1829.7,1221.2
1830.4,1224.4
1827,1224.7
1824.8,1223.9
1825.8,1221.3
1875.8,1495.3
1885.3,1497.4
1889.2,1496.1
1893.6,1496.2
1895.9,1499.1
1883.7,1500
1880.4,1500.1
1873.1,1499.2
1853.6,1495.8
2133.6,1285.4
2142.3,1280.1
2165.3,1314.5
2178.1,1342.2
2153.6,1360.7
2151.8,1357.4
2153.4,1353.3
2150.6,1351.5
2150,1351.5
2148.4,1351.5
2147.9,1353.4
2142.8,1351.7
2143.2,1345.9
2139.3,1343.7
2133.8,1343.2
2131,1343.7
2126.7,1350.7
2109.3,1341.6
2112.4,1332.4
2110.7,1329.9
2105.7,1327.5
2112,1314.4
2119.8,1314
2125.8,1310.9
2127.3,1303.3
2127.2,1299.7
2122.8,1301.3
2118.9,1298.2
1665.3,1534.5
1675.3,1532
1687,1539.1
1683.6,1556.8
1689.3,1566.6
1687.8,1572.8
1698.8,1592.3
1704.9,1592.3
1716.4,1609.4
1733.5,1631.9
1743.8,1643.6
1727.4,1655.2
1726.5,1642
1684.7,1584.5
2125.2,1484
2127.4,1480.4
2140,1476.3
2132.6,1488.3
2127.7,1492.6
2130.5,1493.4
1432.9,2032
1433,2012.7
1439.2,1993.9
1448.2,1974.6
1457.8,1955.2
1476.3,1914.9
1484.8,1897.4
1485.6,1883.4
1497.9,1863.8
1509.4,1858.5
1519.5,1837.1
1536.1,1809.6
1571.3,1747.8
1581.7,1740.6
1571.1,1761.6
1563.6,1774.9
1560.5,1782.4
1561.6,1785.9
1530.6,1837
1522.6,1852.7
1515,1861.3
1509.7,1872
1504.3,1876
1503.3,1881.7
1499,1890.3
1493.6,1895.3
1490.5,1904.2
1479.4,1930.3
1471.4,1945.1
1466.6,1953.1
1451.2,1982.6
1444.8,1994.6
1441.2,2006.4
1438.6,2015.3
1438.4,2029.3
1439,2035
2182.4,1436.8
2230.3,1444.4
2213.2,1470.8
2198.7,1492.3
2144.3,1468.7
2175.4,1445.8
2176.9,1436.2
2083.3,1371
2085,1372.2
2086.7,1376.2
2090.1,1376.3
2092.9,1378.6
2090.8,1381.8
2088,1381.9
2084.1,1380.3
2079.1,1381
2075.8,1383.9
2074.7,1381.8
2075.2,1378.6
2078.5,1377.7
2079,1373.4
2080,1372.1
1889.6,1366.7
1895.7,1368.2
1896.9,1369.5
1904.1,1367.6
1905.7,1366.1
1909,1366.9
1907.5,1370.5
1896.4,1373.3
1888,1370.7
1887.4,1368.4
1998.3,1710.9
2013.8,1684.7
2025.1,1670.1
2031.6,1662.3
2024.7,1651.5
2023.1,1631.6
2037.6,1631.5
2109.3,1638.3
2093.6,1655.6
2118.8,1666.5
2071.5,1683.5
2012.5,1701.3
1659.2,1383.9
1642.1,1413.7
1635.7,1428
1624.5,1448
1619.8,1457.4
1614.4,1466.4
1610.7,1497.6
1618.5,1501.5
1594.3,1509
1595.8,1504.5
1594.3,1484.7
1604.5,1469
1642.5,1381.5
1650.1,1375
1940.1,1047
1942.4,1050.1
1948,1051.7
1953.5,1047.5
1969,1048.2
1970.2,1050.5
1970.2,1052.4
1968,1053.8
1965.8,1055.1
1965.4,1058.3
1965.5,1064.6
1967.8,1068.6
1968.9,1069.8
1967.9,1073.7
1968.6,1077.3
1970.8,1079.3
1973.6,1080.3
1976.9,1077.3
1977.9,1072.2
1977.2,1067.1
1973.8,1065.1
1973.8,1061.7
1974.8,1060
1972.5,1054.3
1977.4,1051.9
1977.9,1048.7
2037.2,1047.8
2038.9,1095
1976.8,1100.2
1973.4,1096.4
1973.4,1094.1
1973.9,1092.8
1972.2,1091.2
1972.1,1088.4
1971,1087.8
1966.6,1089.8
1965,1093
1967.9,1096.8
1970.2,1099.2
1970.2,1101.4
1971.4,1103.2
1865.4,1103.7
1864.7,1048.2
1876.2,1262.7
1876.2,1264.4
1873.4,1264.3
1871.8,1265.2
1870.8,1268.8
1868,1269.5
1867.5,1272
1870.3,1274.5
1862.3,1286.4
1858.8,1280.3
1832.3,1258.6
1852.8,1236.6
1854,1238.7
1856.3,1241.2
1859.5,1239.2
1868.5,1242.8
1868.6,1246.6
1562.3,871.16
1563.7,935.73
1583.1,935.09
1584,974.46
1584.7,1004.7
1585.2,1030.1
1585.9,1059.3
1586.4,1079.9
1586.8,1099.1
1586.9,1102.5
1582.1,1114.7
1581.6,1117.7
1584.4,1214.6
1574.9,1214.8
1567.1,1213.5
1542.2,1215.4
1537.7,1210.4
1488.3,1211.5
1482.9,1167.1
1471.2,1137.5
1461.2,1114
1435.2,1092.6
1392.1,1074.9
1394.8,873.22
2094.9,1268.2
2097.7,1268.2
2098.8,1269.4
2100,1272.6
2102.3,1277.2
2100.1,1280
2097.4,1279.4
2094.5,1275.6
2093.3,1272.5
2092.2,1271.2
2092.7,1268.9
1880,1311.6
1882.8,1310
1890.5,1309.2
1895.5,1306.4
1899.9,1305.6
1902.7,1308.3
1902.3,1314.7
1895.7,1318
1883.5,1316.8
1880.1,1316.2
1879,1313.9
2050.7,1500.1
2051.8,1500.7
2053,1501.7
2054.7,1504.2
2052.6,1507.9
2047.2,1514.3
2039.3,1512.2
2039.3,1510.3
2039.8,1505.4
2041.4,1503.2
2045.8,1501.9
2047.9,1500.6
2081.3,1356.4
2087.4,1355.9
2089.2,1358.2
2086.5,1361.4
2083.7,1364
2081.5,1363
2080.8,1357.7
1488.3,1683.8
1483.7,1701.9
1477.6,1724.5
1473.7,1748.3
1469.5,1760.5
1461,1777.6
1450.5,1802.8
1442.6,1820.8
1437.9,1835.7
1432.8,1857.9
1427.1,1876.4
1419.2,1893.5
1417.2,1902.9
1416.4,1917.8
1409.6,1935.9
1401.6,1951.5
1395.8,1964.6
1391.1,1978.5
1389.2,1988.9
1326.5,1965.1
1331.5,1940.6
1335.3,1913.4
1348.5,1883.9
1359.9,1847.6
1406.6,1725.7
1425.1,1685.4
2055.8,1131.2
2057.4,1131.2
2058.6,1132
2059.2,1134.3
2057.5,1135.6
2053.6,1134.9
2054.1,1132.1
2315.3,1198.9
2400.1,1198
2406.9,1275.6
2436.3,1276.7
2427.6,1481.7
2397.9,1493.6
2249.5,1432.7
2196.3,1337.1
2184.1,1312.2
2150.6,1252.6
2162.7,1247.4
2168.7,1244.7
2173.1,1240.2
2172.9,1233.4
2168.9,1229.9
2166.7,1227.6
2160,1225.7
1385.7,2007.2
1490.8,1671.5
1498.4,1639.1
1508.6,1599
1516.8,1590.8
1522,1575.2
1526.4,1552.7
1542.5,1549.8
1548.7,1554.1
1519.9,1682
1520.2,1695.6
1512.7,1708
1514.2,1724.9
1521.2,1740.2
1529.3,1753
1538.8,1755.3
1958.2,1507
1970.4,1505.1
1995.5,1512.5
2001,1509.9
2007.7,1514.8
2012.7,1511.3
2019.9,1512.4
2023.7,1508.7
2053,1529.9
1961.7,1515.8
2127.2,1276
2122.7,1273.1
2108.3,1272.4
2105.6,1274.8
2088.4,1276.4
2088.3,1270.1
2089.3,1264.1
2092.5,1261.3
2095.2,1256.4
2097.3,1253.1
2102.8,1250.5
2103.9,1247.1
2100.4,1241.4
2096.4,1237.9
2090.8,1232.7
2080.2,1230.9
2082.8,1226.3
2084.5,1226.1
2084.6,1229.5
2086.3,1229.4
2088.9,1225.4
2092.2,1223.4
2092.2,1221.7
2093.7,1215.3
2093.6,1210.6
2094.1,1208.1
2095.8,1210.6
2099.2,1213.9
2103.7,1215.1
2105.3,1211.6
2104.6,1208.3
2104.6,1207.6
2106.2,1204.2
2108.4,1203.3
2110.1,1205.6
2113.4,1202.8
2117.2,1199.9
2126.1,1227.1
1971.9,1002.4
1974.7,1002.4
1976.9,1004.4
1979.8,1008.8
1976.6,1015.2
1980,1018.3
1980.2,1026.2
1975.9,1032
1975.4,1037.1
1977.2,1041.3
1976.1,1044.5
1966.7,1066.1
1965.4,1061.2
1966.8,1047
1965.1,1046
1963.3,1042.8
1965.5,1038.4
1967.7,1037.7
1968.8,1037
1968.7,1034.5
1967,1033.9
1964.8,1031.4
1963,1027.8
1966.7,1017.4
1966.6,1016.5
1965,1016.5
1964.4,1015.3
1964.9,1013.4
1962.1,1011.3
1959.8,1008.6
1957.5,1005.7
1959.7,1003.7
1963,1001.3
1967.4,1001.9
1876.3,1464.8
1924.6,1492.7
1940.7,1495.1
1954.8,1503.9
1922.8,1509.7
1860,1480.8
1859.4,1478.1
1855.4,1476.9
1853.1,1470.4
1855.1,1463.6
1595.8,1229.2
1600.9,1235.7
1607.2,1241.2
1611.7,1246.2
1620,1247.1
1622.9,1251.5
1626.3,1252.5
1624.4,1266.9
1624,1277.5
1621,1291.3
1617.9,1301.8
1618.1,1307.5
1622.6,1312.5
1629.4,1317.2
1632.4,1327.5
1630.9,1332.6
1641,1340.4
1641.2,1348.5
1646.5,1363.4
1647.2,1369.5
1614.5,1445.9
1597.5,1479.1
1523.8,1532.2
1528,1521.7
1531.6,1511.7
1533.1,1502.8
1533.5,1495.3
1537.6,1482.5
1538.5,1470.5
1540,1464.5
1540.9,1456.2
1544.1,1448.1
1543.2,1435
1542.4,1423.8
1544.4,1412.7
1540.8,1401.6
1541.2,1392.9
1542.7,1389
1539.8,1380.6
1535.2,1372
1531,1357.7
1527.8,1341.1
1522.4,1323.2
1522.3,1315.1
1518.2,1307.2
1518.6,1299.8
1513.3,1288.2
1508.1,1280.1
1505.6,1266.4
1504.3,1256
1500.7,1244.5
1496.5,1229.5
1978.8,1338.4
1976.6,1339.3
1975.6,1342.1
1973.4,1344
1968.5,1345.4
1969.1,1349.8
1971.9,1349.8
1971.9,1351.5
1974.7,1352.7
1979.7,1350.7
1977.6,1357.1
1980.4,1359.3
1984.3,1357.5
1983.3,1363.3
1980.1,1367
1981.8,1371.1
1989.6,1371
1993.4,1369.2
1993.6,1377.7
1990.8,1375
1988,1378
1983.6,1377.9
1980.3,1381.1
1978.8,1387.5
1986.7,1393.1
1986.8,1397.9
1990.2,1401
1991.9,1400.4
1992.9,1397.6
1997.9,1396.8
2003.4,1396.7
2005.6,1395.6
2008.9,1394.3
2014,1399.7
2019,1397.9
2024.6,1402.4
2028.5,1398.9
2029.7,1403.1
2033.6,1403.5
2035.2,1400.5
2036.7,1396.6
2048.4,1397.2
2047.9,1399.7
2048.5,1403.1
2023.2,1411.1
2015.4,1410.9
2009.1,1402.1
1998.5,1400.9
1989.7,1404.4
1983.6,1402.9
1980.9,1406.5
1974.2,1406.1
1970.3,1403.2
1971.3,1398.1
1971.7,1393.2
1968.3,1387.8
1963.3,1390.2
1957.7,1388
1954.8,1379.8
1963.7,1377.9
1965,1364.1
1967.7,1362.8
1968.2,1356.8
1963.6,1351.6
1966.8,1343.7
1964.4,1339.6
1979.3,1336
1601.9,882.77
1613.6,882.51
1818.8,881.73
1820.2,892.08
1841.2,891.39
1842.6,926.31
1863.1,927.76
1863.6,949.56
1865.9,1199.4
1772.7,1199.6
1609.6,1201.6
1597.1,1116.1
1597.1,1112.5
1594.8,1108.3
1593,1104.9
1592.4,1101.4
1592.7,1089.5
1591.6,1064.3
1591,1039.3
1591,1013.3
1590.4,987.66
1589.7,957.6
1589.2,935.16
1602.5,935.29
1601.6,895.06
1601.4,883.42
1946.7,1490.8
1961.2,1491.9
1558.4,1689.6
1570.3,1703.1
1596.6,1713.6
1595.3,1729.9
1940,1039.1
1942.7,1037.6
1946.6,1036.4
1951,1037.6
1953.3,1041
1954.5,1044.7
1812.9,1509.2
1826,1575.2
1835.5,1628.4
1822.8,1629.3
1820.2,1612.6
1799.9,1521.2
1779.4,1451.9
1782.9,1432.8
1776.4,1413.9
1806,1224.9
1844.7,1220.5
1847.5,1222.7
1849.1,1219.5
1854.7,1220.7
1869.7,1221.2
1889.9,1231.3
1881.1,1234
1873.9,1238.2
1859.5,1234.9
1858.3,1233.9
1856.1,1233.1
1853.9,1234.7
1853.4,1235.7
2048.9,1146.8
2050,1146.8
2052.3,1147.6
2052.3,1150.1
2049.6,1153.2
2045.1,1150.9
2045.6,1148.4
2063.3,1370.6
2069.2,1359.9
2074.1,1357.4
2126.8,1354.3
2129.6,1357.2
2134,1352.5
2149.1,1357.4
2150.8,1360.8
2149.3,1365.1
2147,1364.9
2144.8,1366.2
2145.5,1373.6
2139.4,1374.6
2135.6,1376.4
2131.8,1381.1
2131.1,1376.1
2127.8,1372.7
2123.3,1375
2123.6,1385.3
2119.2,1387.3
2119.3,1392.8
2112.7,1393
1859.4,1383.4
1861.6,1382.7
1863.4,1386.3
1867.3,1386.8
1871.7,1386.1
1874.5,1386.9
1875.1,1389.8
1874.7,1395.4
1878,1395.3
1883,1393.3
1885.1,1390.9
1889.6,1390.6
1895.7,1394.3
1900.7,1393.5
1901.8,1390.9
1905.7,1391.7
1907.9,1392.3
1914.6,1393.8
1917.9,1390
1925.5,1385.5
1921.4,1375
1923,1373.1
1933.5,1370.5
1932.3,1364.8
1934.9,1360.6
1940.9,1355.3
1940.2,1345
1943.9,1340.4
2051.2,1396.9
2056.3,1403.6
2053.6,1406.8
2047.1,1412.5
2047.8,1420.1
2054.5,1420.6
2055.6,1422.2
2051.3,1426.1
2049.8,1435.5
2047.7,1440.4
2045,1441.7
2046.9,1453.6
2045.8,1456.8
2041,1461.3
2039.9,1464.9
2040.6,1468.5
2039.5,1470.7
2035.9,1481.6
2035.3,1483.5
2031.1,1489.5
2025.6,1493.2
2021.7,1493.3
2020.1,1496.3
2023,1502.6
1957.8,1736.2
1974.9,1731.2
1987,1728.6
1985.7,1718.2
2090.7,1677.3
2124.9,1667.2
2132.8,1672.8
2139.8,1687.4
2160.1,1700.1
2247,1719.5
2289.4,1728.8
2221.7,1828.3
2210.6,1828
2202.2,1848.5
2177.3,1876.4
2160.6,1871.9
2155.2,1904.2
2116.4,1952.9
2077.4,1924.6
2076.7,1917.8
2093.1,1882.5
2098.2,1862.5
2096.9,1801.3
1783.5,1211.4
1768,1215.8
1733.9,1227.8
1700.4,1242.3
1694.3,1240.6
1680.4,1242.6
1661.1,1248.9
1649.2,1260.6
1648.7,1264.7
1653.4,1273.7
1625,1244.4
1627.2,1243.8
1627.7,1241.6
1627.6,1240.1
1625.4,1238.9
1624.8,1235.1
1627.5,1232.7
1627.4,1231
1627.4,1228.9
1628.5,1227.2
1629,1226.6
1629,1225.7
1627.3,1224.7
1627.3,1223.4
1625,1222.8
1623.4,1223.5
1623.4,1224.1
1621.2,1222.9
1620.1,1224.2
1619.5,1225.5
1618.5,1225.9
1617.9,1223.8
1617.8,1221.7
1617.8,1219.8
1617.2,1217.3
1616.5,1214.5
2035,921.36
2035.4,943.59
1981.1,943.75
1981.1,941.63
1977.2,940.66
1971.1,942.7
1970.6,946.53
1971.8,948.2
1975.1,950.03
1978.5,949.95
1981.7,946.91
2091.9,1281.4
2095.8,1282.6
2094.6,1303.4
2090.4,1313.6
2085.3,1333.5
2081.4,1333.8
2079.3,1340.6
2072.1,1340.1
2067.8,1347.6
2072.4,1350.7
2057.4,1379.4
2055.7,1376.5
2054,1374
2055.5,1366.3
2052.6,1361.7
2050.3,1357.8
2048.1,1357.2
2044.2,1358.7
2044.3,1364.2
2039.3,1362.7
2036,1361.5
2033.7,1359
2032,1357.1
2027,1357.2
2022.5,1355.6
2018.1,1355.7
2013,1351.8
2007.5,1355.1
2001.1,1364.2
1997.7,1361.7
1993.7,1359.9
1990.3,1355.7
1991.9,1352.5
1993,1349.3
1990.1,1346.2
1984,1345.9
1979.6,1347.9
1934.4,1334.9
1929.3,1330.2
1918.8,1331.3
1917,1327.9
1936.1,1313.9
1951,1307.5
1957,1305
1956.6,1287.6
1946.7,1288.7
1942.5,1277.8
1948.1,1276.6
1954,1269.7
1949.5,1268.5
1946.1,1264.6
1921.1,1337.1
1922.8,1337.7
1922.9,1341.1
1916.3,1344.2
1911.8,1342.9
1912.3,1340.5
2094.6,1132.5
2075.3,1138.2
2073.6,1135.9
2071.4,1136.4
2069.3,1138.5
2065.4,1138.6
2064.9,1142.2
2038.9,1146
1892.7,1233.8
1897.6,1251.7
1901,1256.5
1898.3,1259.1
1894.4,1259.6
1892.2,1257.9
1887.2,1260.6
1889,1263.5
1884,1263.6
1882.8,1262
1873.3,1257.7
1868.5,1243
2250.3,1442.6
2217.5,1416.3
2212.3,1408.8
2136.6,1222.4
2250.7,1436.5
1878.5,1266.7
1876.9,1268.9
1876.4,1272.5
1874.8,1274.4
1639.3,869.44
1596.7,1119.7
1594,1122.5
1590.7,1124.3
1587.3,1123.7
1585.7,1122.7
1583.4,1120.6
1888.4,1290.2
1842.5,1371.1
1841.3,1366.2
1837.4,1365.9
1834.7,1366.6
1827.3,1358.7
1834.6,1340.3
1857.2,1331.2
1865.2,1317.8
1867,1301.3
1843.4,1633.7
1853.4,1682.4
1860,1728.2
1865.3,1767.5
1874.8,1823
1875.2,1836.7
1879.3,1850.2
1889.2,1872.2
1881.7,1880
1879.2,1870.8
1877.4,1862.7
1870.1,1836
1867,1821.9
1862.2,1804.6
1855.2,1763.1
1852.6,1747.7
1846.3,1712
1840.6,1681
1839,1661.1
1835.9,1645.5
1830.8,1639.7
1828.5,1634.7
2041.5,1386.1
2049.3,1387.9
2063.1,1384.4
2114,1402.5
2111.2,1403.6
2107.2,1398.2
2101.1,1397.9
2094.9,1394.2
2085,1398.7
2083,1406.4
2075.2,1403.8
2066.4,1410.3
2064.2,1410.8
2063.2,1414
2065.5,1417.4
2065.6,1422.2
2062.3,1424.2
2059.1,1431.5
2059.8,1436.1
2056.5,1437.7
2056.6,1440.4
2060.5,1441.4
2059.5,1446.3
2059.7,1455.8
2053.6,1456.6
2055.4,1461
2050.4,1464.1
2050.5,1467.9
2054,1475.2
2050.2,1479.5
2048.6,1481.3
2046.3,1478.4
2044.1,1478
2040.3,1482.7
2041.5,1485.9
2038.7,1486.2
2036.6,1488.5
2044.9,1490.2
2052.2,1491.4
2056.7,1495.1
2061.7,1493.5
2063.9,1173.2
2066.1,1172.1
2068.9,1172.4
2072.2,1173.2
2073.8,1171.3
2075.5,1170
2081.1,1171.5
2082.3,1174.9
2081.2,1177.9
2076.3,1184.1
2072.5,1183.8
2069.2,1187.5
2065.8,1185.2
2062.4,1182.1
2063.4,1176.4
2326.2,920.97
2335.6,1163.7
2313.9,1164.6
2139.4,1200.9
2110.7,1156.7
1942.2,1288.8
1930.1,1318.5
1914.4,1284.6
1915.6,1290
1920.1,1290.1
1922.9,1294.3
1926.9,1296.8
1933.5,1294.1
1939.6,1293.9
1941.7,1291.6
1622.1,1709
2074.3,1141.6
2071,1142.1
1645.4,1286.8
1656.9,1306
1643.1,1309.3
1639.1,1305.1
1634.1,1304.6
1631.9,1307
1632.6,1313.7
1634.9,1315.8
1640.9,1312.5
2090.2,1182.8
2087.9,1180.7
2085.7,1180.1
2085.1,1178.8
2085.6,1177.4
2087.9,1177.1
2090.6,1178.3
2095.6,1177.1
2097.3,1177.7
2097.3,1179.8
2092.4,1182.1
1440.1,1213.2
1484.1,1546.4
1489.9,1529.4
1492.6,1526.8
1499.4,1482.8
1503.6,1446.7
1506.3,1443.9
1496.9,1421.2
1492.4,1395.4
1494.3,1377.8
1485.5,1332.3
1479.5,1315
1471,1303.8
1467.7,1281.4
1455.8,1245.3
1453.9,1237.7
1450.5,1233.7
1447.6,1226.4
2160.3,1364.2
2166.7,1376.3
2167.3,1381.8
2174.6,1384.2
2177.5,1390.9
2181,1398.9
2185.7,1410
2183.1,1416.4
2168.3,1426.1
2093,1434.1
2088,1432.9
2086.8,1426.2
2085.6,1423.5
2082.3,1423.5
2081.8,1429.7
2078.6,1431.7
2075.8,1431.1
2073.9,1420.1
2072.5,1407.7
1666.6,1267.9
1791.8,1213
1823.5,1261.8
1833.5,1291.9
1836.8,1312.3
1826.7,1330.6
1741.2,1379.3
1729.9,1369.6
1720.2,1359.6
1695.2,1356.4
1674.9,1345.4
1656.2,1326.3
1651.6,1320.3
1944.3,1256.6
1941.6,1260
1942.2,1262.7
1940,1264.9
1936.7,1264.4
1934.5,1265
1932.8,1263.2
1929.4,1263
1924.5,1264
1922.8,1262.1
1921,1256.4
1924.8,1253.4
1928.7,1253.7
1931.5,1255.8
1933.2,1257
1939.2,1252
1939.1,1250.1
1941.8,1246.7
1945.4,1256.5
2158,1556.8
2225.6,1481.3
2202,1516.4
2185.4,1544.9
2159.3,1591.5
2144.8,1613.2
2124,1649
1843.7,1695.1
1881.3,1888.5
1873,1891.4
1871,1897.6
1876.7,1904.3
1863,1937.8
1869.1,1939.6
1874.2,1942.9
1881.6,1949.5
1880,1954.6
1867.4,1960.2
1839.7,1962.1
1823.1,1966.7
1797.8,1973.8
1778,1980.8
1761.8,1978.6
1742.3,1975.1
1729.1,1980.9
1703.6,1978.3
1697.2,1968.9
1692.9,1951
1688.5,1950.2
1675.7,1947.3
1669.1,1949.8
1666.4,1955.4
1674.8,1960.3
1679.5,1968.8
1679.3,1985.8
1680.8,2002.3
1638.4,2019.5
1629.5,2016.6
1616.6,2012.6
1606.5,2005.6
1596.9,1997.4
1593.1,2000
1605.6,2015
1593.3,2011.9
1578.9,2010.7
1575.8,2020.3
1580.5,2035.4
1651.5,2032.6
1649.5,2044.1
1539.1,2043.4
1485.8,2042
1457.5,2041.4
1625,1716.1
1658.5,1701.8
1694.2,1682.6
1754,1653.9
2186.2,1431.4
2192.7,1425.9
1501.1,1463.2
1479.7,1545.9
1471.1,1559.6
1465,1583.3
1455.9,1597.9
1445,1630.3
1430.2,1663.5
1424.5,1680.6
1424.4,1679.1
1423.2,1676.1
1423.2,1673.6
1425.8,1666.8
1426.3,1662.9
1427.7,1653
1426.5,1650
1425.4,1647.5
1425.9,1644.5
1429.6,1638.5
1430.6,1633.2
1435.9,1621.9
1438,1617.4
1438.9,1609.3
1439.9,1602.9
1441.4,1596.7
1442.9,1586.3
1444.5,1582.5
1445.4,1576.1
1449.4,1557.6
1453,1543.1
1454,1536.5
1452.8,1534
1453.8,1530.6
1458.2,1503.8
1459.1,1493
1459.4,1482.8
1457.6,1453
1455.3,1423.8
1451.3,1367.1
1446.8,1364.7
1446.7,1358.3
1444.4,1333.6
1439.3,1328.9
1437.3,1312.2
1430.1,1263.2
1420.9,1247.1
1421.9,1244.7
1421.3,1242.8
1418.5,1242.3
1416.8,1240
1415.6,1237.9
1411.6,1230.8
1408.8,1226.6
1404.2,1220.4
2115.5,1197.7
2109.2,1188.3
2104.7,1186.7
2101.9,1184.8
2098.5,1184.3
2091.3,1185.1
2086.9,1185.4
2078.1,1189.8
2069.9,1192.5
2064.8,1188.2
2056.5,1190.3
2052.2,1196.1
2046.4,1182.9
2049.7,1182.8
2051.3,1181.1
2149,1355.8
2107,1187.7
2185.9,1419.3
1927.2,1236
1928.3,1236.4
1930,1237.8
1930.6,1241.4
1929,1243.3
1925.1,1243.4
1923.4,1241.1
1924.4,1237.3
1605.8,1229.6
1606.9,1231.9
1610.8,1230.8
1611.3,1231.2
1611.4,1233.5
1612,1235
1614.2,1235.6
1616.4,1234.9
1617,1234
1618.1,1234
1619.8,1235.2
1622,1235.4
1624.8,1238.9
1622.6,1239.6
1622.1,1241.5
1622.7,1243.4
1969.3,1107.3
1969.3,1111.5
1966.6,1112.7
1966.6,1115.2
1967.9,1119.4
1970.1,1122.1
1973.4,1121.8
1973.9,1118.9
1975.6,1116.5
1975.5,1114
1973.8,1111.9
1973.7,1107.6
1977,1106.9
2155.6,1228.3
2153.5,1236.6
2155.9,1242.7
1906.8,1813
1919.9,1804.4
1927.5,1793.9
1931,1780
2064.4,2013
1867.6,2046
1939.5,1242.5
1909.2,1251.2
1909.1,1246.1
1907.4,1244
1906.8,1243.8
1904.1,1245.6
1903.7,1251.5
1922.5,1276.3
1926,1281.7
1933.2,1282.9
1936.1,1286.2
1915.4,1281.4
1915.3,1276.5
1655.9,1359.8
1656.3,1356.8
1658.6,1356.8
1663.1,1359.9
1665.4,1362.8
1661,1365.4
1656,1363.6
2097.2,1347.6
2095.5,1345.7
2095.9,1339.4
2093.2,1340.1
2088,1330.4
2091.2,1326.1
2095,1319.7
2098.1,1312.2
2101.8,1303.4
2098.9,1296.7
2099.4,1294.6
2102.6,1289.2
2105.3,1285.4
2050.1,1178.6
2049,1175.6
2046.2,1174.8
2044.6,1176.4
2044,1177.4
2044.6,1180.4
1939.7,1769.9
1923.8,1210.6
1932.1,1210.2
1933.2,1208.1
1933.5,1222.9
1932.9,1220.8
1929.6,1219.2
1923.5,1219.1
1921.7,1214.3
1601.5,1212.3
1603.7,1212.7
1604.9,1213.3
1607.1,1214.1
1608.8,1216.2
1610,1218.3
1611.1,1218.3
1612.7,1218.2
1614.9,1217.3
1614.4,1216.3
1612.7,1215.3
1611.5,1215.1
1611.5,1213.4
1612.6,1213.2
1614.9,1214.4
1626.7,1222.8
1606.3,1229
1606.3,1228.3
1605.2,1228.1
1604.6,1226.9
1604.6,1225.6
1604,1225.2
1602.3,1225.2
1599,1225.1
1596.2,1223.5
1594.5,1221.2
1595,1218.6
1596.1,1217.3
1598.8,1217.1
1599.4,1216
1597.1,1214.1
1907.6,1253.1
1968.8,1088.5
1976.9,1103.1
1938.8,1235.5
1938.3,1238.7
1874.6,1217.9
1872.2,1210.9
1868.3,1207.6
1865,1210.5
1864.6,1215.8
1858.5,1216.3
1856.2,1212.6
1850.6,1211.6
1846.6,1207.9
1839,1213.2
1840.2,1217.6
1611.6,1488.3
1670.9,1361.6
1683.6,1361.3
1686.5,1365.3
1698.4,1375.6
1720.8,1386.5
1734.7,1388.5
1744.9,1399.3
1753.3,1403
1758.2,1398.2
1985,1392.3
1979.2,1353.4
2054.5,1370.4
1864.4,1209.6
2375.9,1602.1
